{"errors":[],"warnings":[],"namedChunkGroups":{"app":{"chunks":[7,0,2],"assets":["webpack-runtime-ec596f74641499e700ca.js","webpack-runtime-ec596f74641499e700ca.js.map","commons-ae3693b9540aeba6fd3c.js","commons-ae3693b9540aeba6fd3c.js.map","app-1610c6bc521ebb6c7157.js","app-1610c6bc521ebb6c7157.js.map"],"children":{},"childAssets":{}},"component---src-templates-page-js":{"chunks":[1,0,5],"assets":["styles.dfa9dd30297ee20b6795.css","styles-1755d740827fbb394a98.js","styles-1755d740827fbb394a98.js.map","commons-ae3693b9540aeba6fd3c.js","commons-ae3693b9540aeba6fd3c.js.map","component---src-templates-page-js-065d73de3928d0fff0cd.js","component---src-templates-page-js-065d73de3928d0fff0cd.js.map"],"children":{},"childAssets":{}},"component---src-templates-post-js":{"chunks":[1,0,6],"assets":["styles.dfa9dd30297ee20b6795.css","styles-1755d740827fbb394a98.js","styles-1755d740827fbb394a98.js.map","commons-ae3693b9540aeba6fd3c.js","commons-ae3693b9540aeba6fd3c.js.map","component---src-templates-post-js-c47e9a41bdff927e6a6c.js","component---src-templates-post-js-c47e9a41bdff927e6a6c.js.map"],"children":{},"childAssets":{}},"component---src-pages-404-js":{"chunks":[1,0,3],"assets":["styles.dfa9dd30297ee20b6795.css","styles-1755d740827fbb394a98.js","styles-1755d740827fbb394a98.js.map","commons-ae3693b9540aeba6fd3c.js","commons-ae3693b9540aeba6fd3c.js.map","component---src-pages-404-js-937d1b115ca56d3e6694.js","component---src-pages-404-js-937d1b115ca56d3e6694.js.map"],"children":{},"childAssets":{}},"component---src-pages-index-js":{"chunks":[1,0,4],"assets":["styles.dfa9dd30297ee20b6795.css","styles-1755d740827fbb394a98.js","styles-1755d740827fbb394a98.js.map","commons-ae3693b9540aeba6fd3c.js","commons-ae3693b9540aeba6fd3c.js.map","component---src-pages-index-js-4526c672031a42cd6576.js","component---src-pages-index-js-4526c672031a42cd6576.js.map"],"children":{},"childAssets":{}}},"assetsByChunkName":{"app":["webpack-runtime-ec596f74641499e700ca.js","commons-ae3693b9540aeba6fd3c.js","app-1610c6bc521ebb6c7157.js"],"component---src-templates-page-js":["styles.dfa9dd30297ee20b6795.css","styles-1755d740827fbb394a98.js","commons-ae3693b9540aeba6fd3c.js","component---src-templates-page-js-065d73de3928d0fff0cd.js"],"component---src-templates-post-js":["styles.dfa9dd30297ee20b6795.css","styles-1755d740827fbb394a98.js","commons-ae3693b9540aeba6fd3c.js","component---src-templates-post-js-c47e9a41bdff927e6a6c.js"],"component---src-pages-404-js":["styles.dfa9dd30297ee20b6795.css","styles-1755d740827fbb394a98.js","commons-ae3693b9540aeba6fd3c.js","component---src-pages-404-js-937d1b115ca56d3e6694.js"],"component---src-pages-index-js":["styles.dfa9dd30297ee20b6795.css","styles-1755d740827fbb394a98.js","commons-ae3693b9540aeba6fd3c.js","component---src-pages-index-js-4526c672031a42cd6576.js"]}}